Workbook

Sheet Calendario 
A1: PROPUESTA DE CALENDARIO — LIGA SANTA LUCÍA 2026–2027
A2: Fecha | B2: Día | C2: Hora | D2: Cancha | E2: Local | F2: Visita
A3: JORNADA 1
A4: Jornada jugada | B4: — | C4: — | D4: — | E4: Valle de Ángeles | F4: C.D. Nacional
A5: Jornada jugada | B5: — | C5: — | D5: — | E5: Guerreros Lenca | F5: Ciclón Azul
A6: Jornada jugada | B6: — | C6: — | D6: — | E6: Francisco Morazán | F6: Independiente
A7: Jornada jugada | B7: — | C7: — | D7: — | E7: Motagua | F7: Golden Boys
A8: Jornada jugada | B8: — | C8: — | D8: — | E8: Integral St. Lucía | F8: Centro América
A9: Jornada jugada | B9: — | C9: — | D9: — | E9: Panamericano | F9: Atlético St. Lucía
A10: Jornada jugada | B10: — | C10: — | D10: — | E10: Osos | F10: Real Tegus
A11: JORNADA 2
A12: Jornada jugada | B12: — | C12: — | D12: — | E12: C.D. Nacional | F12: Independiente
A13: Jornada jugada | B13: — | C13: — | D13: — | E13: Valle de Ángeles | F13: Ciclón Azul
A14: Jornada jugada | B14: — | C14: — | D14: — | E14: Guerreros Lenca | F14: Golden Boys
A15: Jornada jugada | B15: — | C15: — | D15: — | E15: Francisco Morazán | F15: Centro América
A16: Jornada jugada | B16: — | C16: REPROGRAMACIÓN | D16: — | E16: Motagua | F16: Atlético St. Lucía
A17: Jornada jugada | B17: — | C17: REPROGRAMACIÓN | D17: — | E17: Integral St. Lucía | F17: Real Tegus
A18: Jornada jugada | B18: — | C18: REPROGRAMACIÓN | D18: — | E18: Panamericano | F18: Osos
A19: JORNADA 3
A20: 15-oct-2026 | B20: Jueves | C20: 6:30 p. m. | D20: Estrella | E20: Valle de Ángeles | F20: Golden Boys
A21: 15-oct-2026 | B21: Jueves | C21: 8:30 p. m. | D21: Estrella | E21: Integral St. Lucía | F21: Osos
A22: 17-oct-2026 | B22: Sábado | C22: 12:45 p. m. | D22: Estrella | E22: Guerreros Lenca | F22: Francisco Morazán
A23: 17-oct-2026 | B23: Sábado | C23: 2:45 p. m. | D23: Estrella | E23: Real Tegus | F23: Centro América
A24: 17-oct-2026 | B24: Sábado | C24: 12:30 p. m. | D24: Kennedy | E24: Atlético St. Lucía | F24: Ciclón Azul
A25: 17-oct-2026 | B25: Sábado | C25: 2:30 p. m. | D25: Kennedy | E25: Independiente | F25: Motagua
A26: 17-oct-2026 | B26: Sábado | C26: 4:30 p. m. | D26: Kennedy | E26: C.D. Nacional | F26: Panamericano
A27: JORNADA 4
A28: 22-oct-2026 | B28: Jueves | C28: 6:30 p. m. | D28: Estrella | E28: Atlético St. Lucía | F28: C.D. Nacional
A29: 22-oct-2026 | B29: Jueves | C29: 8:30 p. m. | D29: Estrella | E29: Panamericano | F29: Motagua
A30: 24-oct-2026 | B30: Sábado | C30: 12:45 p. m. | D30: Estrella | E30: Integral St. Lucía | F30: Ciclón Azul
A31: 24-oct-2026 | B31: Sábado | C31: 2:45 p. m. | D31: Estrella | E31: Francisco Morazán | F31: Valle de Ángeles
A32: 24-oct-2026 | B32: Sábado | C32: 12:30 p. m. | D32: Kennedy | E32: Guerreros Lenca | F32: Real Tegus
A33: 24-oct-2026 | B33: Sábado | C33: 2:30 p. m. | D33: Kennedy | E33: Centro América | F33: Osos
A34: 24-oct-2026 | B34: Sábado | C34: 4:30 p. m. | D34: Kennedy | E34: Golden Boys | F34: Independiente
A35: JORNADA 5
A36: 29-oct-2026 | B36: Jueves | C36: 6:30 p. m. | D36: Estrella | E36: Ciclón Azul | F36: Golden Boys
A37: 29-oct-2026 | B37: Jueves | C37: 8:30 p. m. | D37: Estrella | E37: Valle de Ángeles | F37: Real Tegus
A38: 31-oct-2026 | B38: Sábado | C38: 12:45 p. m. | D38: Estrella | E38: Atlético St. Lucía | F38: Francisco Morazán
A39: 31-oct-2026 | B39: Sábado | C39: 2:45 p. m. | D39: Estrella | E39: Panamericano | F39: Guerreros Lenca
A40: 31-oct-2026 | B40: Sábado | C40: 12:30 p. m. | D40: Kennedy | E40: Osos | F40: Motagua
A41: 31-oct-2026 | B41: Sábado | C41: 2:30 p. m. | D41: Kennedy | E41: Independiente | F41: Integral St. Lucía
A42: 31-oct-2026 | B42: Sábado | C42: 4:30 p. m. | D42: Kennedy | E42: C.D. Nacional | F42: Centro América
A43: JORNADA 6
A44: 05-nov-2026 | B44: Jueves | C44: 6:30 p. m. | D44: Estrella | E44: Motagua | F44: Integral St. Lucía
A45: 05-nov-2026 | B45: Jueves | C45: 8:30 p. m. | D45: Estrella | E45: C.D. Nacional | F45: Osos
A46: 07-nov-2026 | B46: Sábado | C46: 12:45 p. m. | D46: Estrella | E46: Golden Boys | F46: Panamericano
A47: 07-nov-2026 | B47: Sábado | C47: 2:45 p. m. | D47: Estrella | E47: Atlético St. Lucía | F47: Independiente
A48: 07-nov-2026 | B48: Sábado | C48: 12:30 p. m. | D48: Kennedy | E48: Valle de Ángeles | F48: Guerreros Lenca
A49: 07-nov-2026 | B49: Sábado | C49: 2:30 p. m. | D49: Kennedy | E49: Real Tegus | F49: Francisco Morazán
A50: 07-nov-2026 | B50: Sábado | C50: 4:30 p. m. | D50: Kennedy | E50: Ciclón Azul | F50: Centro América
A51: JORNADA 7
A52: 12-nov-2026 | B52: Jueves | C52: 6:30 p. m. | D52: Estrella | E52: Independiente | F52: Osos
A53: 12-nov-2026 | B53: Jueves | C53: 8:30 p. m. | D53: Estrella | E53: Atlético St. Lucía | F53: Guerreros Lenca
A54: 14-nov-2026 | B54: Sábado | C54: 12:45 p. m. | D54: Estrella | E54: Centro América | F54: Golden Boys
A55: 14-nov-2026 | B55: Sábado | C55: 2:45 p. m. | D55: Estrella | E55: Integral St. Lucía | F55: C.D. Nacional
A56: 14-nov-2026 | B56: Sábado | C56: 12:30 p. m. | D56: Kennedy | E56: Ciclón Azul | F56: Francisco Morazán
A57: 14-nov-2026 | B57: Sábado | C57: 2:30 p. m. | D57: Kennedy | E57: Real Tegus | F57: Panamericano
A58: 14-nov-2026 | B58: Sábado | C58: 4:30 p. m. | D58: Kennedy | E58: Motagua | F58: Valle de Ángeles
A59: JORNADA 8
A60: 19-nov-2026 | B60: Jueves | C60: 6:30 p. m. | D60: Estrella | E60: Francisco Morazán | F60: Motagua
A61: 19-nov-2026 | B61: Jueves | C61: 8:30 p. m. | D61: Estrella | E61: Panamericano | F61: Valle de Ángeles
A62: 21-nov-2026 | B62: Sábado | C62: 12:45 p. m. | D62: Estrella | E62: Ciclón Azul | F62: Osos
A63: 21-nov-2026 | B63: Sábado | C63: 2:45 p. m. | D63: Estrella | E63: Centro América | F63: Atlético St. Lucía
A64: 21-nov-2026 | B64: Sábado | C64: 12:30 p. m. | D64: Kennedy | E64: Independiente | F64: Real Tegus
A65: 21-nov-2026 | B65: Sábado | C65: 2:30 p. m. | D65: Kennedy | E65: Golden Boys | F65: C.D. Nacional
A66: 21-nov-2026 | B66: Sábado | C66: 4:30 p. m. | D66: Kennedy | E66: Guerreros Lenca | F66: Integral St. Lucía
A67: JORNADA 9
A68: 26-nov-2026 | B68: Jueves | C68: 6:30 p. m. | D68: Estrella | E68: Valle de Ángeles | F68: Centro América
A69: 26-nov-2026 | B69: Jueves | C69: 8:30 p. m. | D69: Estrella | E69: Ciclón Azul | F69: Real Tegus
A70: 28-nov-2026 | B70: Sábado | C70: 12:45 p. m. | D70: Estrella | E70: Atlético St. Lucía | F70: Integral St. Lucía
A71: 28-nov-2026 | B71: Sábado | C71: 2:45 p. m. | D71: Estrella | E71: C.D. Nacional | F71: Motagua
A72: 28-nov-2026 | B72: Sábado | C72: 12:30 p. m. | D72: Kennedy | E72: Panamericano | F72: Independiente
A73: 28-nov-2026 | B73: Sábado | C73: 2:30 p. m. | D73: Kennedy | E73: Guerreros Lenca | F73: Osos
A74: 28-nov-2026 | B74: Sábado | C74: 4:30 p. m. | D74: Kennedy | E74: Golden Boys | F74: Francisco Morazán
A75: JORNADA 10
A76: 03-dic-2026 | B76: Jueves | C76: 6:30 p. m. | D76: Estrella | E76: Centro América | F76: Panamericano
A77: 03-dic-2026 | B77: Jueves | C77: 8:30 p. m. | D77: Estrella | E77: Motagua | F77: Ciclón Azul
A78: 05-dic-2026 | B78: Sábado | C78: 12:45 p. m. | D78: Estrella | E78: Real Tegus | F78: C.D. Nacional
A79: 05-dic-2026 | B79: Sábado | C79: 2:45 p. m. | D79: Estrella | E79: Osos | F79: Francisco Morazán
A80: 05-dic-2026 | B80: Sábado | C80: 12:30 p. m. | D80: Kennedy | E80: Golden Boys | F80: Integral St. Lucía
A81: 05-dic-2026 | B81: Sábado | C81: 2:30 p. m. | D81: Kennedy | E81: Valle de Ángeles | F81: Atlético St. Lucía
A82: 05-dic-2026 | B82: Sábado | C82: 4:30 p. m. | D82: Kennedy | E82: Guerreros Lenca | F82: Independiente
A83: JORNADA 11
A84: 10-dic-2026 | B84: Jueves | C84: 6:30 p. m. | D84: Estrella | E84: C.D. Nacional | F84: Guerreros Lenca
A85: 10-dic-2026 | B85: Jueves | C85: 8:30 p. m. | D85: Estrella | E85: Francisco Morazán | F85: Integral St. Lucía
A86: 12-dic-2026 | B86: Sábado | C86: 12:45 p. m. | D86: Estrella | E86: Independiente | F86: Valle de Ángeles
A87: 12-dic-2026 | B87: Sábado | C87: 2:45 p. m. | D87: Estrella | E87: Real Tegus | F87: Golden Boys
A88: 12-dic-2026 | B88: Sábado | C88: 12:30 p. m. | D88: Kennedy | E88: Motagua | F88: Centro América
A89: 12-dic-2026 | B89: Sábado | C89: 2:30 p. m. | D89: Kennedy | E89: Ciclón Azul | F89: Panamericano
A90: 12-dic-2026 | B90: Sábado | C90: 4:30 p. m. | D90: Kennedy | E90: Osos | F90: Atlético St. Lucía
A91: JORNADA 12
A92: 17-dic-2026 | B92: Jueves | C92: 6:30 p. m. | D92: Estrella | E92: Atlético St. Lucía | F92: Real Tegus
A93: 17-dic-2026 | B93: Jueves | C93: 8:30 p. m. | D93: Estrella | E93: Centro América | F93: Independiente
A94: 19-dic-2026 | B94: Sábado | C94: 12:45 p. m. | D94: Estrella | E94: Motagua | F94: Guerreros Lenca
A95: 19-dic-2026 | B95: Sábado | C95: 2:45 p. m. | D95: Estrella | E95: Integral St. Lucía | F95: Valle de Ángeles
A96: 19-dic-2026 | B96: Sábado | C96: 12:30 p. m. | D96: Kennedy | E96: Osos | F96: Golden Boys
A97: 19-dic-2026 | B97: Sábado | C97: 2:30 p. m. | D97: Kennedy | E97: C.D. Nacional | F97: Ciclón Azul
A98: 19-dic-2026 | B98: Sábado | C98: 4:30 p. m. | D98: Kennedy | E98: Francisco Morazán | F98: Panamericano
A99: JORNADA 13
A100: 07-ene-2027 | B100: Jueves | C100: 6:30 p. m. | D100: Estrella | E100: Panamericano | F100: Integral St. Lucía
...

Sheet Cuadro por sede y horario
A1: PARTIDOS POR EQUIPO, SEDE Y HORARIO — LIGA SANTA LUCÍA 2026–2027 (PROPUESTA CORREGIDA)
A2: Cuenta los partidos de cada equipo (como local o visita) según la propuesta de calendario, jornadas 3 a 13. Se actualiza solo si cambia el calendario.
A4: Equipo | B4: ESTRELLA | G4: KENNEDY | K4: RESUMEN
B5: Jueves | C5: Jueves | D5: Sábado | E5: Sábado | F5: Total Estrella | G5: Sábado | H5: Sábado | I5: Sábado | J5: Total Kennedy | K5: Total jueves | L5: Total sábado | M5: Total jornadas 3–13 | N5: Jornadas 1–2 (sin sede) | O5: Total temporada | P5: Local | Q5: Visita
B6: 6:30 p. m. | C6: 8:30 p. m. | D6: 12:45 p. m. | E6: 2:45 p. m. | G6: 12:30 p. m. | H6: 2:30 p. m. | I6: 4:30 p. m.
A7: Atlético St. Lucía | B7: =COUNTIFS('Calendario '!$D$3:$D$107,"Estrella",'Calendario '!$B$3:$B$107,B$5,'Calendario '!$C$3:$C$107,B$6,'Calendario '!$E$3:$E$107,$A7)+COUNTIFS('Calendario '!$D$3:$D$107,"Estrella",'Calendario '!$B$3:$B$107,B$5,'Calendario '!$C$3:$C$107,B$6,'Calendario '!$F$3:$F$107,$A7) -> 2 | C7: =COUNTIFS('Calendario '!$D$3:$D$107,"Estrella",'Calendario '!$B$3:$B$107,C$5,'Calendario '!$C$3:$C$107,C$6,'Calendario '!$E$3:$E$107,$A7)+COUNTIFS('Calendario '!$D$3:$D$107,"Estrella",'Calendario '!$B$3:$B$107,C$5,'Calendario '!$C$3:$C$107,C$6,'Calendario '!$F$3:$F$107,$A7) -> 2 | D7: =COUNTIFS('Calendario '!$D$3:$D$107,"Estrella",'Calendario '!$B$3:$B$107,D$5,'Calendario '!$C$3:$C$107,D$6,'Calendario '!$E$3:$E$107,$A7)+COUNTIFS('Calendario '!$D$3:$D$107,"Estrella",'Calendario '!$B$3:$B$107,D$5,'Calendario '!$C$3:$C$107,D$6,'Calendario '!$F$3:$F$107,$A7) -> 2 | E7: =COUNTIFS('Calendario '!$D$3:$D$107,"Estrella",'Calendario '!$B$3:$B$107,E$5,'Calendario '!$C$3:$C$107,E$6,'Calendario '!$E$3:$E$107,$A7)+COUNTIFS('Calendario '!$D$3:$D$107,"Estrella",'Calendario '!$B$3:$B$107,E$5,'Calendario '!$C$3:$C$107,E$6,'Calendario '!$F$3:$F$107,$A7) -> 2 | F7: =SUM(B7:E7) -> 8 | G7: =COUNTIFS('Calendario '!$D$3:$D$107,"Kennedy",'Calendario '!$B$3:$B$107,G$5,'Calendario '!$C$3:$C$107,G$6,'Calendario '!$E$3:$E$107,$A7)+COUNTIFS('Calendario '!$D$3:$D$107,"Kennedy",'Calendario '!$B$3:$B$107,G$5,'Calendario '!$C$3:$C$107,G$6,'Calendario '!$F$3:$F$107,$A7) -> 1 | H7: =COUNTIFS('Calendario '!$D$3:$D$107,"Kennedy",'Calendario '!$B$3:$B$107,H$5,'Calendario '!$C$3:$C$107,H$6,'Calendario '!$E$3:$E$107,$A7)+COUNTIFS('Calendario '!$D$3:$D$107,"Kennedy",'Calendario '!$B$3:$B$107,H$5,'Calendario '!$C$3:$C$107,H$6,'Calendario '!$F$3:$F$107,$A7) -> 1 | I7: =COUNTIFS('Calendario '!$D$3:$D$107,"Kennedy",'Calendario '!$B$3:$B$107,I$5,'Calendario '!$C$3:$C$107,I$6,'Calendario '!$E$3:$E$107,$A7)+COUNTIFS('Calendario '!$D$3:$D$107,"Kennedy",'Calendario '!$B$3:$B$107,I$5,'Calendario '!$C$3:$C$107,I$6,'Calendario '!$F$3:$F$107,$A7) -> 1 | J7: =SUM(G7:I7) -> 3 | K7: =SUMIF($B$5:$I$5,"Jueves",B7:I7) -> 4 | L7: =SUMIF($B$5:$I$5,"Sábado",B7:I7) -> 7 | M7: =F7+J7 -> 11 | N7: =COUNTIFS('Calendario '!$A$3:$A$107,"Jornada jugada",'Calendario '!$E$3:$E$107,$A7)+COUNTIFS('Calendario '!$A$3:$A$107,"Jornada jugada",'Calendario '!$F$3:$F$107,$A7) -> 2 | O7: =M7+N7 -> 13 | P7: =COUNTIF('Calendario '!$E$3:$E$107,$A7) -> 7 | Q7: =COUNTIF('Calendario '!$F$3:$F$107,$A7) -> 6
A8: C.D. Nacional | B8: =COUNTIFS('Calendario '!$D$3:$D$107,"Estrella",'Calendario '!$B$3:$B$107,B$5,'Calendario '!$C$3:$C$107,B$6,'Calendario '!$E$3:$E$107,$A8)+COUNTIFS('Calendario '!$D$3:$D$107,"Estrella",'Calendario '!$B$3:$B$107,B$5,'Calendario '!$C$3:$C$107,B$6,'Calendario '!$F$3:$F$107,$A8) -> 2 | C8: =COUNTIFS('Calendario '!$D$3:$D$107,"Estrella",'Calendario '!$B$3:$B$107,C$5,'Calendario '!$C$3:$C$107,C$6,'Calendario '!$E$3:$E$107,$A8)+COUNTIFS('Calendario '!$D$3:$D$107,"Estrella",'Calendario '!$B$3:$B$107,C$5,'Calendario '!$C$3:$C$107,C$6,'Calendario '!$F$3:$F$107,$A8) -> 1 | D8: =COUNTIFS('Calendario '!$D$3:$D$107,"Estrella",'Calendario '!$B$3:$B$107,D$5,'Calendario '!$C$3:$C$107,D$6,'Calendario '!$E$3:$E$107,$A8)+COUNTIFS('Calendario '!$D$3:$D$107,"Estrella",'Calendario '!$B$3:$B$107,D$5,'Calendario '!$C$3:$C$107,D$6,'Calendario '!$F$3:$F$107,$A8) -> 1 | E8: =COUNTIFS('Calendario '!$D$3:$D$107,"Estrella",'Calendario '!$B$3:$B$107,E$5,'Calendario '!$C$3:$C$107,E$6,'Calendario '!$E$3:$E$107,$A8)+COUNTIFS('Calendario '!$D$3:$D$107,"Estrella",'Calendario '!$B$3:$B$107,E$5,'Calendario '!$C$3:$C$107,E$6,'Calendario '!$F$3:$F$107,$A8) -> 2 | F8: =SUM(B8:E8) -> 6 | G8: =COUNTIFS('Calendario '!$D$3:$D$107,"Kennedy",'Calendario '!$B$3:$B$107,G$5,'Calendario '!$C$3:$C$107,G$6,'Calendario '!$E$3:$E$107,$A8)+COUNTIFS('Calendario '!$D$3:$D$107,"Kennedy",'Calendario '!$B$3:$B$107,G$5,'Calendario '!$C$3:$C$107,G$6,'Calendario '!$F$3:$F$107,$A8) -> 1 | H8: =COUNTIFS('Calendario '!$D$3:$D$107,"Kennedy",'Calendario '!$B$3:$B$107,H$5,'Calendario '!$C$3:$C$107,H$6,'Calendario '!$E$3:$E$107,$A8)+COUNTIFS('Calendario '!$D$3:$D$107,"Kennedy",'Calendario '!$B$3:$B$107,H$5,'Calendario '!$C$3:$C$107,H$6,'Calendario '!$F$3:$F$107,$A8) -> 2 | I8: =COUNTIFS('Calendario '!$D$3:$D$107,"Kennedy",'Calendario '!$B$3:$B$107,I$5,'Calendario '!$C$3:$C$107,I$6,'Calendario '!$E$3:$E$107,$A8)+COUNTIFS('Calendario '!$D$3:$D$107,"Kennedy",'Calendario '!$B$3:$B$107,I$5,'Calendario '!$C$3:$C$107,I$6,'Calendario '!$F$3:$F$107,$A8) -> 2 | J8: =SUM(G8:I8) -> 5 | K8: =SUMIF($B$5:$I$5,"Jueves",B8:I8) -> 3 | L8: =SUMIF($B$5:$I$5,"Sábado",B8:I8) -> 8 | M8: =F8+J8 -> 11 | N8: =COUNTIFS('Calendario '!$A$3:$A$107,"Jornada jugada",'Calendario '!$E$3:$E$107,$A8)+COUNTIFS('Calendario '!$A$3:$A$107,"Jornada jugada",'Calendario '!$F$3:$F$107,$A8) -> 2 | O8: =M8+N8 -> 13 | P8: =COUNTIF('Calendario '!$E$3:$E$107,$A8) -> 7 | Q8: =COUNTIF('Calendario '!$F$3:$F$107,$A8) -> 6
A9: Centro América | B9: =COUNTIFS('Calendario '!$D$3:$D$107,"Estrella",'Calendario '!$B$3:$B$107,B$5,'Calendario '!$C$3:$C$107,B$6,'Calendario '!$E$3:$E$107,$A9)+COUNTIFS('Calendario '!$D$3:$D$107,"Estrella",'Calendario '!$B$3:$B$107,B$5,'Calendario '!$C$3:$C$107,B$6,'Calendario '!$F$3:$F$107,$A9) -> 2 | C9: =COUNTIFS('Calendario '!$D$3:$D$107,"Estrella",'Calendario '!$B$3:$B$107,C$5,'Calendario '!$C$3:$C$107,C$6,'Calendario '!$E$3:$E$107,$A9)+COUNTIFS('Calendario '!$D$3:$D$107,"Estrella",'Calendario '!$B$3:$B$107,C$5,'Calendario '!$C$3:$C$107,C$6,'Calendario '!$F$3:$F$107,$A9) -> 1 | D9: =COUNTIFS('Calendario '!$D$3:$D$107,"Estrella",'Calendario '!$B$3:$B$107,D$5,'Calendario '!$C$3:$C$107,D$6,'Calendario '!$E$3:$E$107,$A9)+COUNTIFS('Calendario '!$D$3:$D$107,"Estrella",'Calendario '!$B$3:$B$107,D$5,'Calendario '!$C$3:$C$107,D$6,'Calendario '!$F$3:$F$107,$A9) -> 1 | E9: =COUNTIFS('Calendario '!$D$3:$D$107,"Estrella",'Calendario '!$B$3:$B$107,E$5,'Calendario '!$C$3:$C$107,E$6,'Calendario '!$E$3:$E$107,$A9)+COUNTIFS('Calendario '!$D$3:$D$107,"Estrella",'Calendario '!$B$3:$B$107,E$5,'Calendario '!$C$3:$C$107,E$6,'Calendario '!$F$3:$F$107,$A9) -> 2 | F9: =SUM(B9:E9) -> 6 | G9: =COUNTIFS('Calendario '!$D$3:$D$107,"Kennedy",'Calendario '!$B$3:$B$107,G$5,'Calendario '!$C$3:$C$107,G$6,'Calendario '!$E$3:$E$107,$A9)+COUNTIFS('Calendario '!$D$3:$D$107,"Kennedy",'Calendario '!$B$3:$B$107,G$5,'Calendario '!$C$3:$C$107,G$6,'Calendario '!$F$3:$F$107,$A9) -> 1 | H9: =COUNTIFS('Calendario '!$D$3:$D$107,"Kennedy",'Calendario '!$B$3:$B$107,H$5,'Calendario '!$C$3:$C$107,H$6,'Calendario '!$E$3:$E$107,$A9)+COUNTIFS('Calendario '!$D$3:$D$107,"Kennedy",'Calendario '!$B$3:$B$107,H$5,'Calendario '!$C$3:$C$107,H$6,'Calendario '!$F$3:$F$107,$A9) -> 2 | I9: =COUNTIFS('Calendario '!$D$3:$D$107,"Kennedy",'Calendario '!$B$3:$B$107,I$5,'Calendario '!$C$3:$C$107,I$6,'Calendario '!$E$3:$E$107,$A9)+COUNTIFS('Calendario '!$D$3:$D$107,"Kennedy",'Calendario '!$B$3:$B$107,I$5,'Calendario '!$C$3:$C$107,I$6,'Calendario '!$F$3:$F$107,$A9) -> 2 | J9: =SUM(G9:I9) -> 5 | K9: =SUMIF($B$5:$I$5,"Jueves",B9:I9) -> 3 | L9: =SUMIF($B$5:$I$5,"Sábado",B9:I9) -> 8 | M9: =F9+J9 -> 11 | N9: =COUNTIFS('Calendario '!$A$3:$A$107,"Jornada jugada",'Calendario '!$E$3:$E$107,$A9)+COUNTIFS('Calendario '!$A$3:$A$107,"Jornada jugada",'Calendario '!$F$3:$F$107,$A9) -> 2 | O9: =M9+N9 -> 13 | P9: =COUNTIF('Calendario '!$E$3:$E$107,$A9) -> 6 | Q9: =COUNTIF('Calendario '!$F$3:$F$107,$A9) -> 7
A10: Ciclón Azul | B10: =COUNTIFS('Calendario '!$D$3:$D$107,"Estrella",'Calendario '!$B$3:$B$107,B$5,'Calendario '!$C$3:$C$107,B$6,'Calendario '!$E$3:$E$107,$A10)+COUNTIFS('Calendario '!$D$3:$D$107,"Estrella",'Calendario '!$B$3:$B$107,B$5,'Calendario '!$C$3:$C$107,B$6,'Calendario '!$F$3:$F$107,$A10) -> 1 | C10: =COUNTIFS('Calendario '!$D$3:$D$107,"Estrella",'Calendario '!$B$3:$B$107,C$5,'Calendario '!$C$3:$C$107,C$6,'Calendario '!$E$3:$E$107,$A10)+COUNTIFS('Calendario '!$D$3:$D$107,"Estrella",'Calendario '!$B$3:$B$107,C$5,'Calendario '!$C$3:$C$107,C$6,'Calendario '!$F$3:$F$107,$A10) -> 2 | D10: =COUNTIFS('Calendario '!$D$3:$D$107,"Estrella",'Calendario '!$B$3:$B$107,D$5,'Calendario '!$C$3:$C$107,D$6,'Calendario '!$E$3:$E$107,$A10)+COUNTIFS('Calendario '!$D$3:$D$107,"Estrella",'Calendario '!$B$3:$B$107,D$5,'Calendario '!$C$3:$C$107,D$6,'Calendario '!$F$3:$F$107,$A10) -> 2 | E10: =COUNTIFS('Calendario '!$D$3:$D$107,"Estrella",'Calendario '!$B$3:$B$107,E$5,'Calendario '!$C$3:$C$107,E$6,'Calendario '!$E$3:$E$107,$A10)+COUNTIFS('Calendario '!$D$3:$D$107,"Estrella",'Calendario '!$B$3:$B$107,E$5,'Calendario '!$C$3:$C$107,E$6,'Calendario '!$F$3:$F$107,$A10) -> 1 | F10: =SUM(B10:E10) -> 6 | G10: =COUNTIFS('Calendario '!$D$3:$D$107,"Kennedy",'Calendario '!$B$3:$B$107,G$5,'Calendario '!$C$3:$C$107,G$6,'Calendario '!$E$3:$E$107,$A10)+COUNTIFS('Calendario '!$D$3:$D$107,"Kennedy",'Calendario '!$B$3:$B$107,G$5,'Calendario '!$C$3:$C$107,G$6,'Calendario '!$F$3:$F$107,$A10) -> 2 | H10: =COUNTIFS('Calendario '!$D$3:$D$107,"Kennedy",'Calendario '!$B$3:$B$107,H$5,'Calendario '!$C$3:$C$107,H$6,'Calendario '!$E$3:$E$107,$A10)+COUNTIFS('Calendario '!$D$3:$D$107,"Kennedy",'Calendario '!$B$3:$B$107,H$5,'Calendario '!$C$3:$C$107,H$6,'Calendario '!$F$3:$F$107,$A10) -> 2 | I10: =COUNTIFS('Calendario '!$D$3:$D$107,"Kennedy",'Calendario '!$B$3:$B$107,I$5,'Calendario '!$C$3:$C$107,I$6,'Calendario '!$E$3:$E$107,$A10)+COUNTIFS('Calendario '!$D$3:$D$107,"Kennedy",'Calendario '!$B$3:$B$107,I$5,'Calendario '!$C$3:$C$107,I$6,'Calendario '!$F$3:$F$107,$A10) -> 1 | J10: =SUM(G10:I10) -> 5 | K10: =SUMIF($B$5:$I$5,"Jueves",B10:I10) -> 3 | L10: =SUMIF($B$5:$I$5,"Sábado",B10:I10) -> 8 | M10: =F10+J10 -> 11 | N10: =COUNTIFS('Calendario '!$A$3:$A$107,"Jornada jugada",'Calendario '!$E$3:$E$107,$A10)+COUNTIFS('Calendario '!$A$3:$A$107,"Jornada jugada",'Calendario '!$F$3:$F$107,$A10) -> 2 | O10: =M10+N10 -> 13 | P10: =COUNTIF('Calendario '!$E$3:$E$107,$A10) -> 6 | Q10: =COUNTIF('Calendario '!$F$3:$F$107,$A10) -> 7
A11: Francisco Morazán | B11: =COUNTIFS('Calendario '!$D$3:$D$107,"Estrella",'Calendario '!$B$3:$B$107,B$5,'Calendario '!$C$3:$C$107,B$6,'Calendario '!$E$3:$E$107,$A11)+COUNTIFS('Calendario '!$D$3:$D$107,"Estrella",'Calendario '!$B$3:$B$107,B$5,'Calendario '!$C$3:$C$107,B$6,'Calendario '!$F$3:$F$107,$A11) -> 1 | C11: =COUNTIFS('Calendario '!$D$3:$D$107,"Estrella",'Calendario '!$B$3:$B$107,C$5,'Calendario '!$C$3:$C$107,C$6,'Calendario '!$E$3:$E$107,$A11)+COUNTIFS('Calendario '!$D$3:$D$107,"Estrella",'Calendario '!$B$3:$B$107,C$5,'Calendario '!$C$3:$C$107,C$6,'Calendario '!$F$3:$F$107,$A11) -> 1 | D11: =COUNTIFS('Calendario '!$D$3:$D$107,"Estrella",'Calendario '!$B$3:$B$107,D$5,'Calendario '!$C$3:$C$107,D$6,'Calendario '!$E$3:$E$107,$A11)+COUNTIFS('Calendario '!$D$3:$D$107,"Estrella",'Calendario '!$B$3:$B$107,D$5,'Calendario '!$C$3:$C$107,D$6,'Calendario '!$F$3:$F$107,$A11) -> 2 | E11: =COUNTIFS('Calendario '!$D$3:$D$107,"Estrella",'Calendario '!$B$3:$B$107,E$5,'Calendario '!$C$3:$C$107,E$6,'Calendario '!$E$3:$E$107,$A11)+COUNTIFS('Calendario '!$D$3:$D$107,"Estrella",'Calendario '!$B$3:$B$107,E$5,'Calendario '!$C$3:$C$107,E$6,'Calendario '!$F$3:$F$107,$A11) -> 2 | F11: =SUM(B11:E11) -> 6 | G11: =COUNTIFS('Calendario '!$D$3:$D$107,"Kennedy",'Calendario '!$B$3:$B$107,G$5,'Calendario '!$C$3:$C$107,G$6,'Calendario '!$E$3:$E$107,$A11)+COUNTIFS('Calendario '!$D$3:$D$107,"Kennedy",'Calendario '!$B$3:$B$107,G$5,'Calendario '!$C$3:$C$107,G$6,'Calendario '!$F$3:$F$107,$A11) -> 2 | H11: =COUNTIFS('Calendario '!$D$3:$D$107,"Kennedy",'Calendario '!$B$3:$B$107,H$5,'Calendario '!$C$3:$C$107,H$6,'Calendario '!$E$3:$E$107,$A11)+COUNTIFS('Calendario '!$D$3:$D$107,"Kennedy",'Calendario '!$B$3:$B$107,H$5,'Calendario '!$C$3:$C$107,H$6,'Calendario '!$F$3:$F$107,$A11) -> 1 | I11: =COUNTIFS('Calendario '!$D$3:$D$107,"Kennedy",'Calendario '!$B$3:$B$107,I$5,'Calendario '!$C$3:$C$107,I$6,'Calendario '!$E$3:$E$107,$A11)+COUNTIFS('Calendario '!$D$3:$D$107,"Kennedy",'Calendario '!$B$3:$B$107,I$5,'Calendario '!$C$3:$C$107,I$6,'Calendario '!$F$3:$F$107,$A11) -> 2 | J11: =SUM(G11:I11) -> 5 | K11: =SUMIF($B$5:$I$5,"Jueves",B11:I11) -> 2 | L11: =SUMIF($B$5:$I$5,"Sábado",B11:I11) -> 9 | M11: =F11+J11 -> 11 | N11: =COUNTIFS('Calendario '!$A$3:$A$107,"Jornada jugada",'Calendario '!$E$3:$E$107,$A11)+COUNTIFS('Calendario '!$A$3:$A$107,"Jornada jugada",'Calendario '!$F$3:$F$107,$A11) -> 2 | O11: =M11+N11 -> 13 | P11: =COUNTIF('Calendario '!$E$3:$E$107,$A11) -> 7 | Q11: =COUNTIF('Calendario '!$F$3:$F$107,$A11) -> 6
A12: Golden Boys | B12: =COUNTIFS('Calendario '!$D$3:$D$107,"Estrella",'Calendario '!$B$3:$B$107,B$5,'Calendario '!$C$3:$C$107,B$6,'Calendario '!$E$3:$E$107,$A12)+COUNTIFS('Calendario '!$D$3:$D$107,"Estrella",'Calendario '!$B$3:$B$107,B$5,'Calendario '!$C$3:$C$107,B$6,'Calendario '!$F$3:$F$107,$A12) -> 2 | C12: =COUNTIFS('Calendario '!$D$3:$D$107,"Estrella",'Calendario '!$B$3:$B$107,C$5,'Calendario '!$C$3:$C$107,C$6,'Calendario '!$E$3:$E$107,$A12)+COUNTIFS('Calendario '!$D$3:$D$107,"Estrella",'Calendario '!$B$3:$B$107,C$5,'Calendario '!$C$3:$C$107,C$6,'Calendario '!$F$3:$F$107,$A12) -> 1 | D12: =COUNTIFS('Calendario '!$D$3:$D$107,"Estrella",'Calendario '!$B$3:$B$107,D$5,'Calendario '!$C$3:$C$107,D$6,'Calendario '!$E$3:$E$107,$A12)+COUNTIFS('Calendario '!$D$3:$D$107,"Estrella",'Calendario '!$B$3:$B$107,D$5,'Calendario '!$C$3:$C$107,D$6,'Calendario '!$F$3:$F$107,$A12) -> 2 | E12: =COUNTIFS('Calendario '!$D$3:$D$107,"Estrella",'Calendario '!$B$3:$B$107,E$5,'Calendario '!$C$3:$C$107,E$6,'Calendario '!$E$3:$E$107,$A12)+COUNTIFS('Calendario '!$D$3:$D$107,"Estrella",'Calendario '!$B$3:$B$107,E$5,'Calendario '!$C$3:$C$107,E$6,'Calendario '!$F$3:$F$107,$A12) -> 1 | F12: =SUM(B12:E12) -> 6 | G12: =COUNTIFS('Calendario '!$D$3:$D$107,"Kennedy",'Calendario '!$B$3:$B$107,G$5,'Calendario '!$C$3:$C$107,G$6,'Calendario '!$E$3:$E$107,$A12)+COUNTIFS('Calendario '!$D$3:$D$107,"Kennedy",'Calendario '!$B$3:$B$107,G$5,'Calendario '!$C$3:$C$107,G$6,'Calendario '!$F$3:$F$107,$A12) -> 2 | H12: =COUNTIFS('Calendario '!$D$3:$D$107,"Kennedy",'Calendario '!$B$3:$B$107,H$5,'Calendario '!$C$3:$C$107,H$6,'Calendario '!$E$3:$E$107,$A12)+COUNTIFS('Calendario '!$D$3:$D$107,"Kennedy",'Calendario '!$B$3:$B$107,H$5,'Calendario '!$C$3:$C$107,H$6,'Calendario '!$F$3:$F$107,$A12) -> 1 | I12: =COUNTIFS('Calendario '!$D$3:$D$107,"Kennedy",'Calendario '!$B$3:$B$107,I$5,'Calendario '!$C$3:$C$107,I$6,'Calendario '!$E$3:$E$107,$A12)+COUNTIFS('Calendario '!$D$3:$D$107,"Kennedy",'Calendario '!$B$3:$B$107,I$5,'Calendario '!$C$3:$C$107,I$6,'Calendario '!$F$3:$F$107,$A12) -> 2 | J12: =SUM(G12:I12) -> 5 | K12: =SUMIF($B$5:$I$5,"Jueves",B12:I12) -> 3 | L12: =SUMIF($B$5:$I$5,"Sábado",B12:I12) -> 8 | M12: =F12+J12 -> 11 | N12: =COUNTIFS('Calendario '!$A$3:$A$107,"Jornada jugada",'Calendario '!$E$3:$E$107,$A12)+COUNTIFS('Calendario '!$A$3:$A$107,"Jornada jugada",'Calendario '!$F$3:$F$107,$A12) -> 2 | O12: =M12+N12 -> 13 | P12: =COUNTIF('Calendario '!$E$3:$E$107,$A12) -> 6 | Q12: =COUNTIF('Calendario '!$F$3:$F$107,$A12) -> 7
A13: Guerreros Lenca | B13: =COUNTIFS('Calendario '!$D$3:$D$107,"Estrella",'Calendario '!$B$3:$B$107,B$5,'Calendario '!$C$3:$C$107,B$6,'Calendario '!$E$3:$E$107,$A13)+COUNTIFS('Calendario '!$D$3:$D$107,"Estrella",'Calendario '!$B$3:$B$107,B$5,'Calendario '!$C$3:$C$107,B$6,'Calendario '!$F$3:$F$107,$A13) -> 1 | C13: =COUNTIFS('Calendario '!$D$3:$D$107,"Estrella",'Calendario '!$B$3:$B$107,C$5,'Calendario '!$C$3:$C$107,C$6,'Calendario '!$E$3:$E$107,$A13)+COUNTIFS('Calendario '!$D$3:$D$107,"Estrella",'Calendario '!$B$3:$B$107,C$5,'Calendario '!$C$3:$C$107,C$6,'Calendario '!$F$3:$F$107,$A13) -> 1 | D13: =COUNTIFS('Calendario '!$D$3:$D$107,"Estrella",'Calendario '!$B$3:$B$107,D$5,'Calendario '!$C$3:$C$107,D$6,'Calendario '!$E$3:$E$107,$A13)+COUNTIFS('Calendario '!$D$3:$D$107,"Estrella",'Calendario '!$B$3:$B$107,D$5,'Calendario '!$C$3:$C$107,D$6,'Calendario '!$F$3:$F$107,$A13) -> 2 | E13: =COUNTIFS('Calendario '!$D$3:$D$107,"Estrella",'Calendario '!$B$3:$B$107,E$5,'Calendario '!$C$3:$C$107,E$6,'Calendario '!$E$3:$E$107,$A13)+COUNTIFS('Calendario '!$D$3:$D$107,"Estrella",'Calendario '!$B$3:$B$107,E$5,'Calendario '!$C$3:$C$107,E$6,'Calendario '!$F$3:$F$107,$A13) -> 1 | F13: =SUM(B13:E13) -> 5 | G13: =COUNTIFS('Calendario '!$D$3:$D$107,"Kennedy",'Calendario '!$B$3:$B$107,G$5,'Calendario '!$C$3:$C$107,G$6,'Calendario '!$E$3:$E$107,$A13)+COUNTIFS('Calendario '!$D$3:$D$107,"Kennedy",'Calendario '!$B$3:$B$107,G$5,'Calendario '!$C$3:$C$107,G$6,'Calendario '!$F$3:$F$107,$A13) -> 2 | H13: =COUNTIFS('Calendario '!$D$3:$D$107,"Kennedy",'Calendario '!$B$3:$B$107,H$5,'Calendario '!$C$3:$C$107,H$6,'Calendario '!$E$3:$E$107,$A13)+COUNTIFS('Calendario '!$D$3:$D$107,"Kennedy",'Calendario '!$B$3:$B$107,H$5,'Calendario '!$C$3:$C$107,H$6,'Calendario '!$F$3:$F$107,$A13) -> 2 | I13: =COUNTIFS('Calendario '!$D$3:$D$107,"Kennedy",'Calendario '!$B$3:$B$107,I$5,'Calendario '!$C$3:$C$107,I$6,'Calendario '!$E$3:$E$107,$A13)+COUNTIFS('Calendario '!$D$3:$D$107,"Kennedy",'Calendario '!$B$3:$B$107,I$5,'Calendario '!$C$3:$C$107,I$6,'Calendario '!$F$3:$F$107,$A13) -> 2 | J13: =SUM(G13:I13) -> 6 | K13: =SUMIF($B$5:$I$5,"Jueves",B13:I13) -> 2 | L13: =SUMIF($B$5:$I$5,"Sábado",B13:I13) -> 9 | M13: =F13+J13 -> 11 | N13: =COUNTIFS('Calendario '!$A$3:$A$107,"Jornada jugada",'Calendario '!$E$3:$E$107,$A13)+COUNTIFS('Calendario '!$A$3:$A$107,"Jornada jugada",'Calendario '!$F$3:$F$107,$A13) -> 2 | O13: =M13+N13 -> 13 | P13: =COUNTIF('Calendario '!$E$3:$E$107,$A13) -> 7 | Q13: =COUNTIF('Calendario '!$F$3:$F$107,$A13) -> 6
A14: Independiente | B14: =COUNTIFS('Calendario '!$D$3:$D$107,"Estrella",'Calendario '!$B$3:$B$107,B$5,'Calendario '!$C$3:$C$107,B$6,'Calendario '!$E$3:$E$107,$A14)+COUNTIFS('Calendario '!$D$3:$D$107,"Estrella",'Calendario '!$B$3:$B$107,B$5,'Calendario '!$C$3:$C$107,B$6,'Calendario '!$F$3:$F$107,$A14) -> 1 | C14: =COUNTIFS('Calendario '!$D$3:$D$107,"Estrella",'Calendario '!$B$3:$B$107,C$5,'Calendario '!$C$3:$C$107,C$6,'Calendario '!$E$3:$E$107,$A14)+COUNTIFS('Calendario '!$D$3:$D$107,"Estrella",'Calendario '!$B$3:$B$107,C$5,'Calendario '!$C$3:$C$107,C$6,'Calendario '!$F$3:$F$107,$A14) -> 1 | D14: =COUNTIFS('Calendario '!$D$3:$D$107,"Estrella",'Calendario '!$B$3:$B$107,D$5,'Calendario '!$C$3:$C$107,D$6,'Calendario '!$E$3:$E$107,$A14)+COUNTIFS('Calendario '!$D$3:$D$107,"Estrella",'Calendario '!$B$3:$B$107,D$5,'Calendario '!$C$3:$C$107,D$6,'Calendario '!$F$3:$F$107,$A14) -> 1 | E14: =COUNTIFS('Calendario '!$D$3:$D$107,"Estrella",'Calendario '!$B$3:$B$107,E$5,'Calendario '!$C$3:$C$107,E$6,'Calendario '!$E$3:$E$107,$A14)+COUNTIFS('Calendario '!$D$3:$D$107,"Estrella",'Calendario '!$B$3:$B$107,E$5,'Calendario '!$C$3:$C$107,E$6,'Calendario '!$F$3:$F$107,$A14) -> 2 | F14: =SUM(B14:E14) -> 5 | G14: =COUNTIFS('Calendario '!$D$3:$D$107,"Kennedy",'Calendario '!$B$3:$B$107,G$5,'Calendario '!$C$3:$C$107,G$6,'Calendario '!$E$3:$E$107,$A14)+COUNTIFS('Calendario '!$D$3:$D$107,"Kennedy",'Calendario '!$B$3:$B$107,G$5,'Calendario '!$C$3:$C$107,G$6,'Calendario '!$F$3:$F$107,$A14) -> 2 | H14: =COUNTIFS('Calendario '!$D$3:$D$107,"Kennedy",'Calendario '!$B$3:$B$107,H$5,'Calendario '!$C$3:$C$107,H$6,'Calendario '!$E$3:$E$107,$A14)+COUNTIFS('Calendario '!$D$3:$D$107,"Kennedy",'Calendario '!$B$3:$B$107,H$5,'Calendario '!$C$3:$C$107,H$6,'Calendario '!$F$3:$F$107,$A14) -> 2 | I14: =COUNTIFS('Calendario '!$D$3:$D$107,"Kennedy",'Calendario '!$B$3:$B$107,I$5,'Calendario '!$C$3:$C$107,I$6,'Calendario '!$E$3:$E$107,$A14)+COUNTIFS('Calendario '!$D$3:$D$107,"Kennedy",'Calendario '!$B$3:$B$107,I$5,'Calendario '!$C$3:$C$107,I$6,'Calendario '!$F$3:$F$107,$A14) -> 2 | J14: =SUM(G14:I14) -> 6 | K14: =SUMIF($B$5:$I$5,"Jueves",B14:I14) -> 2 | L14: =SUMIF($B$5:$I$5,"Sábado",B14:I14) -> 9 | M14: =F14+J14 -> 11 | N14: =COUNTIFS('Calendario '!$A$3:$A$107,"Jornada jugada",'Calendario '!$E$3:$E$107,$A14)+COUNTIFS('Calendario '!$A$3:$A$107,"Jornada jugada",'Calendario '!$F$3:$F$107,$A14) -> 2 | O14: =M14+N14 -> 13 | P14: =COUNTIF('Calendario '!$E$3:$E$107,$A14) -> 6 | Q14: =COUNTIF('Calendario '!$F$3:$F$107,$A14) -> 7
A15: Integral St. Lucía | B15: =COUNTIFS('Calendario '!$D$3:$D$107,"Estrella",'Calendario '!$B$3:$B$107,B$5,'Calendario '!$C$3:$C$107,B$6,'Calendario '!$E$3:$E$107,$A15)+COUNTIFS('Calendario '!$D$3:$D$107,"Estrella",'Calendario '!$B$3:$B$107,B$5,'Calendario '!$C$3:$C$107,B$6,'Calendario '!$F$3:$F$107,$A15) -> 2 | C15: =COUNTIFS('Calendario '!$D$3:$D$107,"Estrella",'Calendario '!$B$3:$B$107,C$5,'Calendario '!$C$3:$C$107,C$6,'Calendario '!$E$3:$E$107,$A15)+COUNTIFS('Calendario '!$D$3:$D$107,"Estrella",'Calendario '!$B$3:$B$107,C$5,'Calendario '!$C$3:$C$107,C$6,'Calendario '!$F$3:$F$107,$A15) -> 2 | D15: =COUNTIFS('Calendario '!$D$3:$D$107,"Estrella",'Calendario '!$B$3:$B$107,D$5,'Calendario '!$C$3:$C$107,D$6,'Calendario '!$E$3:$E$107,$A15)+COUNTIFS('Calendario '!$D$3:$D$107,"Estrella",'Calendario '!$B$3:$B$107,D$5,'Calendario '!$C$3:$C$107,D$6,'Calendario '!$F$3:$F$107,$A15) -> 2 | E15: =COUNTIFS('Calendario '!$D$3:$D$107,"Estrella",'Calendario '!$B$3:$B$107,E$5,'Calendario '!$C$3:$C$107,E$6,'Calendario '!$E$3:$E$107,$A15)+COUNTIFS('Calendario '!$D$3:$D$107,"Estrella",'Calendario '!$B$3:$B$107,E$5,'Calendario '!$C$3:$C$107,E$6,'Calendario '!$F$3:$F$107,$A15) -> 2 | F15: =SUM(B15:E15) -> 8 | G15: =COUNTIFS('Calendario '!$D$3:$D$107,"Kennedy",'Calendario '!$B$3:$B$107,G$5,'Calendario '!$C$3:$C$107,G$6,'Calendario '!$E$3:$E$107,$A15)+COUNTIFS('Calendario '!$D$3:$D$107,"Kennedy",'Calendario '!$B$3:$B$107,G$5,'Calendario '!$C$3:$C$107,G$6,'Calendario '!$F$3:$F$107,$A15) -> 1 | H15: =COUNTIFS('Calendario '!$D$3:$D$107,"Kennedy",'Calendario '!$B$3:$B$107,H$5,'Calendario '!$C$3:$C$107,H$6,'Calendario '!$E$3:$E$107,$A15)+COUNTIFS('Calendario '!$D$3:$D$107,"Kennedy",'Calendario '!$B$3:$B$107,H$5,'Calendario '!$C$3:$C$107,H$6,'Calendario '!$F$3:$F$107,$A15) -> 1 | I15: =COUNTIFS('Calendario '!$D$3:$D$107,"Kennedy",'Calendario '!$B$3:$B$107,I$5,'Calendario '!$C$3:$C$107,I$6,'Calendario '!$E$3:$E$107,$A15)+COUNTIFS('Calendario '!$D$3:$D$107,"Kennedy",'Calendario '!$B$3:$B$107,I$5,'Calendario '!$C$3:$C$107,I$6,'Calendario '!$F$3:$F$107,$A15) -> 1 | J15: =SUM(G15:I15) -> 3 | K15: =SUMIF($B$5:$I$5,"Jueves",B15:I15) -> 4 | L15: =SUMIF($B$5:$I$5,"Sábado",B15:I15) -> 7 | M15: =F15+J15 -> 11 | N15: =COUNTIFS('Calendario '!$A$3:$A$107,"Jornada jugada",'Calendario '!$E$3:$E$107,$A15)+COUNTIFS('Calendario '!$A$3:$A$107,"Jornada jugada",'Calendario '!$F$3:$F$107,$A15) -> 2 | O15: =M15+N15 -> 13 | P15: =COUNTIF('Calendario '!$E$3:$E$107,$A15) -> 6 | Q15: =COUNTIF('Calendario '!$F$3:$F$107,$A15) -> 7
A16: Motagua | B16: =COUNTIFS('Calendario '!$D$3:$D$107,"Estrella",'Calendario '!$B$3:$B$107,B$5,'Calendario '!$C$3:$C$107,B$6,'Calendario '!$E$3:$E$107,$A16)+COUNTIFS('Calendario '!$D$3:$D$107,"Estrella",'Calendario '!$B$3:$B$107,B$5,'Calendario '!$C$3:$C$107,B$6,'Calendario '!$F$3:$F$107,$A16) -> 2 | C16: =COUNTIFS('Calendario '!$D$3:$D$107,"Estrella",'Calendario '!$B$3:$B$107,C$5,'Calendario '!$C$3:$C$107,C$6,'Calendario '!$E$3:$E$107,$A16)+COUNTIFS('Calendario '!$D$3:$D$107,"Estrella",'Calendario '!$B$3:$B$107,C$5,'Calendario '!$C$3:$C$107,C$6,'Calendario '!$F$3:$F$107,$A16) -> 2 | D16: =COUNTIFS('Calendario '!$D$3:$D$107,"Estrella",'Calendario '!$B$3:$B$107,D$5,'Calendario '!$C$3:$C$107,D$6,'Calendario '!$E$3:$E$107,$A16)+COUNTIFS('Calendario '!$D$3:$D$107,"Estrella",'Calendario '!$B$3:$B$107,D$5,'Calendario '!$C$3:$C$107,D$6,'Calendario '!$F$3:$F$107,$A16) -> 1 | E16: =COUNTIFS('Calendario '!$D$3:$D$107,"Estrella",'Calendario '!$B$3:$B$107,E$5,'Calendario '!$C$3:$C$107,E$6,'Calendario '!$E$3:$E$107,$A16)+COUNTIFS('Calendario '!$D$3:$D$107,"Estrella",'Calendario '!$B$3:$B$107,E$5,'Calendario '!$C$3:$C$107,E$6,'Calendario '!$F$3:$F$107,$A16) -> 1 | F16: =SUM(B16:E16) -> 6 | G16: =COUNTIFS('Calendario '!$D$3:$D$107,"Kennedy",'Calendario '!$B$3:$B$107,G$5,'Calendario '!$C$3:$C$107,G$6,'Calendario '!$E$3:$E$107,$A16)+COUNTIFS('Calendario '!$D$3:$D$107,"Kennedy",'Calendario '!$B$3:$B$107,G$5,'Calendario '!$C$3:$C$107,G$6,'Calendario '!$F$3:$F$107,$A16) -> 2 | H16: =COUNTIFS('Calendario '!$D$3:$D$107,"Kennedy",'Calendario '!$B$3:$B$107,H$5,'Calendario '!$C$3:$C$107,H$6,'Calendario '!$E$3:$E$107,$A16)+COUNTIFS('Calendario '!$D$3:$D$107,"Kennedy",'Calendario '!$B$3:$B$107,H$5,'Calendario '!$C$3:$C$107,H$6,'Calendario '!$F$3:$F$107,$A16) -> 1 | I16: =COUNTIFS('Calendario '!$D$3:$D$107,"Kennedy",'Calendario '!$B$3:$B$107,I$5,'Calendario '!$C$3:$C$107,I$6,'Calendario '!$E$3:$E$107,$A16)+COUNTIFS('Calendario '!$D$3:$D$107,"Kennedy",'Calendario '!$B$3:$B$107,I$5,'Calendario '!$C$3:$C$107,I$6,'Calendario '!$F$3:$F$107,$A16) -> 2 | J16: =SUM(G16:I16) -> 5 | K16: =SUMIF($B$5:$I$5,"Jueves",B16:I16) -> 4 | L16: =SUMIF($B$5:$I$5,"Sábado",B16:I16) -> 7 | M16: =F16+J16 -> 11 | N16: =COUNTIFS('Calendario '!$A$3:$A$107,"Jornada jugada",'Calendario '!$E$3:$E$107,$A16)+COUNTIFS('Calendario '!$A$3:$A$107,"Jornada jugada",'Calendario '!$F$3:$F$107,$A16) -> 2 | O16: =M16+N16 -> 13 | P16: =COUNTIF('Calendario '!$E$3:$E$107,$A16) -> 7 | Q16: =COUNTIF('Calendario '!$F$3:$F$107,$A16) -> 6
A17: Osos | B17: =COUNTIFS('Calendario '!$D$3:$D$107,"Estrella",'Calendario '!$B$3:$B$107,B$5,'Calendario '!$C$3:$C$107,B$6,'Calendario '!$E$3:$E$107,$A17)+COUNTIFS('Calendario '!$D$3:$D$107,"Estrella",'Calendario '!$B$3:$B$107,B$5,'Calendario '!$C$3:$C$107,B$6,'Calendario '!$F$3:$F$107,$A17) -> 1 | C17: =COUNTIFS('Calendario '!$D$3:$D$107,"Estrella",'Calendario '!$B$3:$B$107,C$5,'Calendario '!$C$3:$C$107,C$6,'Calendario '!$E$3:$E$107,$A17)+COUNTIFS('Calendario '!$D$3:$D$107,"Estrella",'Calendario '!$B$3:$B$107,C$5,'Calendario '!$C$3:$C$107,C$6,'Calendario '!$F$3:$F$107,$A17) -> 2 | D17: =COUNTIFS('Calendario '!$D$3:$D$107,"Estrella",'Calendario '!$B$3:$B$107,D$5,'Calendario '!$C$3:$C$107,D$6,'Calendario '!$E$3:$E$107,$A17)+COUNTIFS('Calendario '!$D$3:$D$107,"Estrella",'Calendario '!$B$3:$B$107,D$5,'Calendario '!$C$3:$C$107,D$6,'Calendario '!$F$3:$F$107,$A17) -> 2 | E17: =COUNTIFS('Calendario '!$D$3:$D$107,"Estrella",'Calendario '!$B$3:$B$107,E$5,'Calendario '!$C$3:$C$107,E$6,'Calendario '!$E$3:$E$107,$A17)+COUNTIFS('Calendario '!$D$3:$D$107,"Estrella",'Calendario '!$B$3:$B$107,E$5,'Calendario '!$C$3:$C$107,E$6,'Calendario '!$F$3:$F$107,$A17) -> 1 | F17: =SUM(B17:E17) -> 6 | G17: =COUNTIFS('Calendario '!$D$3:$D$107,"Kennedy",'Calendario '!$B$3:$B$107,G$5,'Calendario '!$C$3:$C$107,G$6,'Calendario '!$E$3:$E$107,$A17)+COUNTIFS('Calendario '!$D$3:$D$107,"Kennedy",'Calendario '!$B$3:$B$107,G$5,'Calendario '!$C$3:$C$107,G$6,'Calendario '!$F$3:$F$107,$A17) -> 2 | H17: =COUNTIFS('Calendario '!$D$3:$D$107,"Kennedy",'Calendario '!$B$3:$B$107,H$5,'Calendario '!$C$3:$C$107,H$6,'Calendario '!$E$3:$E$107,$A17)+COUNTIFS('Calendario '!$D$3:$D$107,"Kennedy",'Calendario '!$B$3:$B$107,H$5,'Calendario '!$C$3:$C$107,H$6,'Calendario '!$F$3:$F$107,$A17) -> 2 | I17: =COUNTIFS('Calendario '!$D$3:$D$107,"Kennedy",'Calendario '!$B$3:$B$107,I$5,'Calendario '!$C$3:$C$107,I$6,'Calendario '!$E$3:$E$107,$A17)+COUNTIFS('Calendario '!$D$3:$D$107,"Kennedy",'Calendario '!$B$3:$B$107,I$5,'Calendario '!$C$3:$C$107,I$6,'Calendario '!$F$3:$F$107,$A17) -> 1 | J17: =SUM(G17:I17) -> 5 | K17: =SUMIF($B$5:$I$5,"Jueves",B17:I17) -> 3 | L17: =SUMIF($B$5:$I$5,"Sábado",B17:I17) -> 8 | M17: =F17+J17 -> 11 | N17: =COUNTIFS('Calendario '!$A$3:$A$107,"Jornada jugada",'Calendario '!$E$3:$E$107,$A17)+COUNTIFS('Calendario '!$A$3:$A$107,"Jornada jugada",'Calendario '!$F$3:$F$107,$A17) -> 2 | O17: =M17+N17 -> 13 | P17: =COUNTIF('Calendario '!$E$3:$E$107,$A17) -> 6 | Q17: =COUNTIF('Calendario '!$F$3:$F$107,$A17) -> 7
A18: Panamericano | B18: =COUNTIFS('Calendario '!$D$3:$D$107,"Estrella",'Calendario '!$B$3:$B$107,B$5,'Calendario '!$C$3:$C$107,B$6,'Calendario '!$E$3:$E$107,$A18)+COUNTIFS('Calendario '!$D$3:$D$107,"Estrella",'Calendario '!$B$3:$B$107,B$5,'Calendario '!$C$3:$C$107,B$6,'Calendario '!$F$3:$F$107,$A18) -> 2 | C18: =COUNTIFS('Calendario '!$D$3:$D$107,"Estrella",'Calendario '!$B$3:$B$107,C$5,'Calendario '!$C$3:$C$107,C$6,'Calendario '!$E$3:$E$107,$A18)+COUNTIFS('Calendario '!$D$3:$D$107,"Estrella",'Calendario '!$B$3:$B$107,C$5,'Calendario '!$C$3:$C$107,C$6,'Calendario '!$F$3:$F$107,$A18) -> 2 | D18: =COUNTIFS('Calendario '!$D$3:$D$107,"Estrella",'Calendario '!$B$3:$B$107,D$5,'Calendario '!$C$3:$C$107,D$6,'Calendario '!$E$3:$E$107,$A18)+COUNTIFS('Calendario '!$D$3:$D$107,"Estrella",'Calendario '!$B$3:$B$107,D$5,'Calendario '!$C$3:$C$107,D$6,'Calendario '!$F$3:$F$107,$A18) -> 1 | E18: =COUNTIFS('Calendario '!$D$3:$D$107,"Estrella",'Calendario '!$B$3:$B$107,E$5,'Calendario '!$C$3:$C$107,E$6,'Calendario '!$E$3:$E$107,$A18)+COUNTIFS('Calendario '!$D$3:$D$107,"Estrella",'Calendario '!$B$3:$B$107,E$5,'Calendario '!$C$3:$C$107,E$6,'Calendario '!$F$3:$F$107,$A18) -> 1 | F18: =SUM(B18:E18) -> 6 | G18: =COUNTIFS('Calendario '!$D$3:$D$107,"Kennedy",'Calendario '!$B$3:$B$107,G$5,'Calendario '!$C$3:$C$107,G$6,'Calendario '!$E$3:$E$107,$A18)+COUNTIFS('Calendario '!$D$3:$D$107,"Kennedy",'Calendario '!$B$3:$B$107,G$5,'Calendario '!$C$3:$C$107,G$6,'Calendario '!$F$3:$F$107,$A18) -> 1 | H18: =COUNTIFS('Calendario '!$D$3:$D$107,"Kennedy",'Calendario '!$B$3:$B$107,H$5,'Calendario '!$C$3:$C$107,H$6,'Calendario '!$E$3:$E$107,$A18)+COUNTIFS('Calendario '!$D$3:$D$107,"Kennedy",'Calendario '!$B$3:$B$107,H$5,'Calendario '!$C$3:$C$107,H$6,'Calendario '!$F$3:$F$107,$A18) -> 2 | I18: =COUNTIFS('Calendario '!$D$3:$D$107,"Kennedy",'Calendario '!$B$3:$B$107,I$5,'Calendario '!$C$3:$C$107,I$6,'Calendario '!$E$3:$E$107,$A18)+COUNTIFS('Calendario '!$D$3:$D$107,"Kennedy",'Calendario '!$B$3:$B$107,I$5,'Calendario '!$C$3:$C$107,I$6,'Calendario '!$F$3:$F$107,$A18) -> 2 | J18: =SUM(G18:I18) -> 5 | K18: =SUMIF($B$5:$I$5,"Jueves",B18:I18) -> 4 | L18: =SUMIF($B$5:$I$5,"Sábado",B18:I18) -> 7 | M18: =F18+J18 -> 11 | N18: =COUNTIFS('Calendario '!$A$3:$A$107,"Jornada jugada",'Calendario '!$E$3:$E$107,$A18)+COUNTIFS('Calendario '!$A$3:$A$107,"Jornada jugada",'Calendario '!$F$3:$F$107,$A18) -> 2 | O18: =M18+N18 -> 13 | P18: =COUNTIF('Calendario '!$E$3:$E$107,$A18) -> 7 | Q18: =COUNTIF('Calendario '!$F$3:$F$107,$A18) -> 6
... A20: Valle de Ángeles | B20: =COUNTIFS('Calendario '!$D$3:$D$107,"Estrella",'Calendario '!$B$3:$B$107,B$5,'Calendario '!$C$3:$C$107,B$6,'Calendario '!$E$3:$E$107,$A20)+COUNTIFS('Calendario '!$D$3:$D$107,"Estrella",'Calendario '!$B$3:$B$107,B$5,'Calendario '!$C$3:$C$107,B$6,'Calendario '!$F$3:$F$107,$A20) -> 2 | C20: =COUNTIFS('Calendario '!$D$3:$D$107,"Estrella",'Calendario '!$B$3:$B$107,C$5,'Calendario '!$C$3:$C$107,C$6,'Calendario '!$E$3:$E$107,$A20)+COUNTIFS('Calendario '!$D$3:$D$107,"Estrella",'Calendario '!$B$3:$B$107,C$5,'Calendario '!$C$3:$C$107,C$6,'Calendario '!$F$3:$F$107,$A20) -> 2 | D20: =COUNTIFS('Calendario '!$D$3:$D$107,"Estrella",'Calendario '!$B$3:$B$107,D$5,'Calendario '!$C$3:$C$107,D$6,'Calendario '!$E$3:$E$107,$A20)+COUNTIFS('Calendario '!$D$3:$D$107,"Estrella",'Calendario '!$B$3:$B$107,D$5,'Calendario '!$C$3:$C$107,D$6,'Calendario '!$F$3:$F$107,$A20) -> 2 | E20: =COUNTIFS('Calendario '!$D$3:$D$107,"Estrella",'Calendario '!$B$3:$B$107,E$5,'Calendario '!$C$3:$C$107,E$6,'Calendario '!$E$3:$E$107,$A20)+COUNTIFS('Calendario '!$D$3:$D$107,"Estrella",'Calendario '!$B$3:$B$107,E$5,'Calendario '!$C$3:$C$107,E$6,'Calendario '!$F$3:$F$107,$A20) -> 2 | F20: =SUM(B20:E20) -> 8 | G20: =COUNTIFS('Calendario '!$D$3:$D$107,"Kennedy",'Calendario '!$B$3:$B$107,G$5,'Calendario '!$C$3:$C$107,G$6,'Calendario '!$E$3:$E$107,$A20)+COUNTIFS('Calendario '!$D$3:$D$107,"Kennedy",'Calendario '!$B$3:$B$107,G$5,'Calendario '!$C$3:$C$107,G$6,'Calendario '!$F$3:$F$107,$A20) -> 1 | H20: =COUNTIFS('Calendario '!$D$3:$D$107,"Kennedy",'Calendario '!$B$3:$B$107,H$5,'Calendario '!$C$3:$C$107,H$6,'Calendario '!$E$3:$E$107,$A20)+COUNTIFS('Calendario '!$D$3:$D$107,"Kennedy",'Calendario '!$B$3:$B$107,H$5,'Calendario '!$C$3:$C$107,H$6,'Calendario '!$F$3:$F$107,$A20) -> 1 | I20: =COUNTIFS('Calendario '!$D$3:$D$107,"Kennedy",'Calendario '!$B$3:$B$107,I$5,'Calendario '!$C$3:$C$107,I$6,'Calendario '!$E$3:$E$107,$A20)+COUNTIFS('Calendario '!$D$3:$D$107,"Kennedy",'Calendario '!$B$3:$B$107,I$5,'Calendario '!$C$3:$C$107,I$6,'Calendario '!$F$3:$F$107,$A20) -> 1 | J20: =SUM(G20:I20) -> 3 | K20: =SUMIF($B$5:$I$5,"Jueves",B20:I20) -> 4 | L20: =SUMIF($B$5:$I$5,"Sábado",B20:I20) -> 7 | M20: =F20+J20 -> 11 | N20: =COUNTIFS('Calendario '!$A$3:$A$107,"Jornada jugada",'Calendario '!$E$3:$E$107,$A20)+COUNTIFS('Calendario '!$A$3:$A$107,"Jornada jugada",'Calendario '!$F$3:$F$107,$A20) -> 2 | O20: =M20+N20 -> 13 | P20: =COUNTIF('Calendario '!$E$3:$E$107,$A20) -> 7 | Q20: =COUNTIF('Calendario '!$F$3:$F$107,$A20) -> 6
A21: TOTAL DE PARTIDOS | B21: =SUM(B7:B20)/2 -> 11 | C21: =SUM(C7:C20)/2 -> 11 | D21: =SUM(D7:D20)/2 -> 11 | E21: =SUM(E7:E20)/2 -> 11 | F21: =SUM(F7:F20)/2 -> 44 | G21: =SUM(G7:G20)/2 -> 11 | H21: =SUM(H7:H20)/2 -> 11 | I21: =SUM(I7:I20)/2 -> 11 | ... O21: =SUM(O7:O20)/2 -> 91 | P21: =SUM(P7:P20) -> 91 | Q21: =SUM(Q7:Q20) -> 91
A23: Notas:
A24: Cada partido cuenta para los dos equipos; por eso la fila TOTAL divide entre 2 y muestra partidos reales por franja.
A25: Las jornadas 1 y 2 no tienen sede ni horario en el calendario (jugadas o en reprogramación); se muestran aparte.
A26: Jueves solo se juega en Estrella; Kennedy solo los sábados.
